{"assets/icons/missing_icon_background.si":["assets/icons/missing_icon_background.si"],"assets/icons/missing_icon_foreground.si":["assets/icons/missing_icon_foreground.si"],"assets/icons/missing_icon_legacy.si":["assets/icons/missing_icon_legacy.si"],"assets/images/logo.png":["assets/images/logo.png"],"packages/fluent_ui/assets/AcrylicNoise.png":["packages/fluent_ui/assets/AcrylicNoise.png"],"packages/fluent_ui/fonts/FluentIcons.ttf":["packages/fluent_ui/fonts/FluentIcons.ttf"],"packages/mdi/fonts/materialdesignicons-webfont.ttf":["packages/mdi/fonts/materialdesignicons-webfont.ttf"]}